,date,lat,lon,weather_code,temperature_2m_max,temperature_2m_min,apparent_temperature_max,apparent_temperature_min,sunrise,sunset,daylight_duration,sunshine_duration,uv_index_max,uv_index_clear_sky_max,precipitation_sum,rain_sum,showers_sum,snowfall_sum,precipitation_hours,precipitation_probability_max,wind_speed_10m_max,wind_gusts_10m_max
0,2023-12-31 22:00:00+00:00,46.02000045776367,9.0,45.0,5.8424997,1.4425,3.3808832,-1.8664665,0,0,31357.48,24821.88,1.6,1.75,0.0,0.0,0.0,0.0,0.0,,10.514218,31.319998
1,2024-01-01 22:00:00+00:00,46.02000045776367,9.0,3.0,4.5425,1.6425,2.1204653,-1.910465,0,0,31412.191,20055.883,1.55,1.85,0.0,0.0,0.0,0.0,0.0,,8.669949,21.24
2,2024-01-02 22:00:00+00:00,46.02000045776367,9.0,3.0,6.1924996,1.8424999,4.412859,-1.2595372,0,0,31471.49,25871.12,1.8,1.8,0.0,0.0,0.0,0.0,0.0,,7.42159,27.359999
3,2024-01-03 22:00:00+00:00,46.02000045776367,9.0,3.0,8.5425005,3.1924996,6.2530813,0.0107393265,0,0,31535.256,26204.688,1.8,1.8,0.0,0.0,0.0,0.0,0.0,,10.233123,46.8
4,2024-01-04 22:00:00+00:00,46.02000045776367,9.0,63.0,5.4424996,1.3925,1.6721687,-0.9214716,0,0,31603.385,0.0,0.6,1.6,25.599998,25.599998,0.0,0.0,15.0,,9.449572,38.519997
5,2024-01-05 22:00:00+00:00,46.02000045776367,9.0,61.0,6.2425,1.9425,3.7514114,-0.6448722,0,0,31675.758,4414.132,1.2,1.8,7.0,7.0,0.0,0.0,7.0,,10.691453,45.36
6,2024-01-06 22:00:00+00:00,46.02000045776367,9.0,3.0,7.1924996,4.2925,3.7272458,0.45778942,0,0,31752.264,3512.034,1.15,1.75,0.0,0.0,0.0,0.0,0.0,,9.6932955,47.16
7,2024-01-07 22:00:00+00:00,46.02000045776367,9.0,80.0,5.0924997,3.2925,2.2897916,0.79844713,0,0,31832.787,11888.031,1.45,1.75,0.7,0.7,0.0,0.0,3.0,,7.0911775,19.08
8,2024-01-08 22:00:00+00:00,46.02000045776367,9.0,80.0,3.6924996,-0.95750004,1.444448,-4.386054,0,0,31917.217,928.82935,0.55,1.65,3.9,1.4,0.0,1.26,13.0,,12.620554,24.84
9,2024-01-09 22:00:00+00:00,46.02000045776367,9.0,77.0,0.5925,-1.2075001,-2.2478867,-4.830507,0,0,32005.43,0.0,0.8,1.8,2.5,0.0,0.0,1.47,7.0,,8.905908,19.8
10,2024-01-10 22:00:00+00:00,46.02000045776367,9.0,45.0,2.8925,-0.6575,0.66923094,-3.7084243,0,0,32097.316,26088.588,1.9,1.9,0.0,0.0,0.0,0.0,0.0,,6.489992,14.4
11,2024-01-11 22:00:00+00:00,46.02000045776367,9.0,1.0,4.6425,1.3925,1.9677563,-2.3464808,0,0,32192.76,26421.615,1.95,1.95,0.0,0.0,0.0,0.0,0.0,,7.928177,28.8
12,2024-01-12 22:00:00+00:00,46.02000045776367,9.0,0.0,2.7424998,-0.6575,0.035867214,-3.3083944,0,0,32291.795,26865.719,2.0,2.0,0.0,0.0,0.0,0.0,0.0,,6.696387,25.199999
13,2024-01-13 22:00:00+00:00,46.02000045776367,9.0,45.0,3.2925,-1.223,0.02971077,-3.9532568,0,0,32395.516,25969.172,1.65,1.95,0.0,0.0,0.0,0.0,0.0,,7.771331,20.880001
14,2024-01-14 22:00:00+00:00,46.02000045776367,9.0,45.0,4.727,-1.873,1.6942205,-5.544944,0,0,32503.986,27729.129,2.0,2.0,0.0,0.0,0.0,0.0,0.0,,10.086427,34.2
15,2024-01-15 22:00:00+00:00,46.02000045776367,9.0,3.0,2.7424998,-0.40750003,-1.4156423,-4.423119,0,0,32616.977,27551.7,2.0,2.0,0.0,0.0,0.0,0.0,0.0,,9.826088,37.079998
16,2024-01-16 22:00:00+00:00,46.02000045776367,9.0,71.0,0.8425,-0.40750003,-1.9240193,-3.0637949,0,0,32734.262,0.0,0.15,1.85,1.6000001,1.4000001,0.0,0.0,4.0,,4.829907,19.44
17,2024-01-17 22:00:00+00:00,46.02000045776367,9.0,71.0,4.9925,-0.40750003,2.9903526,-3.3153791,0,0,32855.61,21447.14,2.1,2.1,2.6,2.1,0.0,0.14,5.0,,7.491114,27.72
18,2024-01-18 22:00:00+00:00,46.02000045776367,9.0,3.0,4.8925,-1.9075,2.1894422,-5.5828915,0,0,32980.8,28877.633,2.0,2.0,0.0,0.0,0.0,0.0,0.0,,30.737339,66.96
19,2024-01-19 22:00:00+00:00,46.02000045776367,9.0,48.0,1.5924999,-3.8575,-2.1833408,-7.6948166,0,0,33109.62,28993.27,2.05,2.05,0.0,0.0,0.0,0.0,0.0,,7.653705,27.359999
20,2024-01-20 22:00:00+00:00,46.02000045776367,9.0,3.0,1.7425,-2.2575002,-1.3290374,-6.2791033,0,0,33241.848,28912.445,1.7,2.15,0.0,0.0,0.0,0.0,0.0,,8.161764,27.359999
21,2024-01-21 22:00:00+00:00,46.02000045776367,9.0,3.0,3.2424998,0.14249992,0.06614542,-4.3254533,0,0,33377.26,14846.438,1.65,2.2,0.0,0.0,0.0,0.0,0.0,,11.480557,41.760002
22,2024-01-22 22:00:00+00:00,46.02000045776367,9.0,3.0,10.592501,2.2424998,7.3218718,-2.1468353,0,0,33515.668,29508.045,2.15,2.15,0.0,0.0,0.0,0.0,0.0,,19.562946,65.159996
23,2024-01-23 22:00:00+00:00,46.02000045776367,9.0,3.0,11.3925,4.8925,9.138504,1.0755434,0,0,33656.85,29145.818,2.25,2.25,0.0,0.0,0.0,0.0,0.0,,14.113652,46.44
24,2024-01-24 22:00:00+00:00,46.02000045776367,9.0,1.0,14.9925,6.2925,12.111841,4.510626,0,0,33800.605,29824.373,2.25,2.25,0.0,0.0,0.0,0.0,0.0,,15.124284,67.32
25,2024-01-25 22:00:00+00:00,46.02000045776367,9.0,3.0,11.3925,4.7925,6.8293524,2.0105639,0,0,33946.746,29841.258,2.3,2.3,0.0,0.0,0.0,0.0,0.0,,21.129883,86.76
26,2024-01-26 22:00:00+00:00,46.02000045776367,9.0,3.0,12.092501,5.3424997,9.69035,2.2910686,0,0,34095.062,30150.05,2.3,2.3,0.0,0.0,0.0,0.0,0.0,,26.400545,84.24
27,2024-01-27 22:00:00+00:00,46.02000045776367,9.0,2.0,7.7925,2.0924997,4.672901,-0.42154336,0,0,34245.375,30315.826,2.3,2.3,0.0,0.0,0.0,0.0,0.0,,7.2359104,15.84
28,2024-01-28 22:00:00+00:00,46.02000045776367,9.0,3.0,5.9925,0.99249995,3.6323285,-1.6891017,0,0,34397.49,30154.504,2.35,2.35,0.0,0.0,0.0,0.0,0.0,,3.2399998,7.2
29,2024-01-29 22:00:00+00:00,46.02000045776367,9.0,3.0,6.3925,2.2424998,3.6833582,-0.96908665,0,0,34551.23,25479.98,2.1,2.45,0.0,0.0,0.0,0.0,0.0,,4.73506,11.159999
30,2024-01-30 22:00:00+00:00,46.02000045776367,9.0,3.0,6.9925,2.5924997,4.7209406,0.28654623,0,0,34706.406,30392.008,1.9,2.45,0.0,0.0,0.0,0.0,0.0,,4.802999,22.68
31,2024-01-31 22:00:00+00:00,46.02000045776367,9.0,3.0,11.9925,4.5924997,9.252347,1.7078514,0,0,34862.855,17759.357,1.9,2.4,0.0,0.0,0.0,0.0,0.0,,14.8257065,54.36
32,2024-02-01 22:00:00+00:00,46.02000045776367,9.0,3.0,12.4425,6.6425,10.295046,2.7932253,0,0,35020.605,29518.115,2.5,2.5,0.0,0.0,0.0,0.0,0.0,,10.829959,45.0
33,2024-02-02 22:00:00+00:00,46.02000045776367,9.0,3.0,15.2425,7.5925,14.74828,5.3057795,0,0,35181.215,31341.516,2.6,2.6,0.0,0.0,0.0,0.0,0.0,,7.9932966,39.239998
34,2024-02-03 22:00:00+00:00,46.02000045776367,9.0,3.0,16.5925,8.3925,14.528002,5.031086,0,0,35344.863,31475.756,2.65,2.65,0.0,0.0,0.0,0.0,0.0,,9.793059,45.36
35,2024-02-04 22:00:00+00:00,46.02000045776367,9.0,3.0,12.842501,7.7425,10.0597515,5.2134924,0,0,35511.332,31560.893,2.7,2.7,0.0,0.0,0.0,0.0,0.0,,13.217443,34.56
36,2024-02-05 22:00:00+00:00,46.02000045776367,9.0,45.0,6.6425,4.0924997,4.183154,1.7294178,0,0,35680.4,28546.441,2.4,2.7,0.0,0.0,0.0,0.0,0.0,,11.304229,32.039997
37,2024-02-06 22:00:00+00:00,46.02000045776367,9.0,45.0,7.5925,3.1425,4.923188,0.975049,0,0,35851.85,28611.646,2.7,2.7,0.0,0.0,0.0,0.0,0.0,,8.64,27.359999
38,2024-02-07 22:00:00+00:00,46.02000045776367,9.0,61.0,6.9925,2.3925,5.006833,-0.030683994,0,0,36025.484,23958.633,2.4,2.75,0.4,0.4,0.0,0.0,1.0,,6.989936,28.44
39,2024-02-08 22:00:00+00:00,46.02000045776367,9.0,63.0,6.3925,4.6924996,4.952388,2.7415733,0,0,36201.094,0.0,0.15,2.5,31.699999,31.7,0.1,0.0,24.0,,10.00256,53.28
40,2024-02-09 22:00:00+00:00,46.02000045776367,9.0,80.0,6.0924997,4.4424996,4.4525547,2.2031403,0,0,36378.48,0.0,0.3,2.55,38.899998,38.899998,0.0,0.0,24.0,,11.620809,45.36
41,2024-02-10 22:00:00+00:00,46.02000045776367,9.0,61.0,7.7425,3.7925,6.22863,1.5170603,0,0,36557.445,8678.004,1.6,2.75,9.6,9.6,0.0,0.0,12.0,,7.4128532,38.16
42,2024-02-11 22:00:00+00:00,46.02000045776367,9.0,3.0,7.2425,3.7925,4.5370846,0.44939137,0,0,36737.81,25630.826,2.8,2.9,0.0,0.0,0.0,0.0,0.0,,8.287822,30.599998
43,2024-02-12 22:00:00+00:00,46.02000045776367,9.0,3.0,9.4925,3.5425,6.618576,-0.06304741,0,0,36919.37,32542.422,3.0,3.0,0.0,0.0,0.0,0.0,0.0,,9.931042,41.039997
44,2024-02-13 22:00:00+00:00,46.02000045776367,9.0,3.0,9.1925,4.1924996,6.178344,0.9449825,0,0,37101.965,32532.287,3.05,3.05,0.0,0.0,0.0,0.0,0.0,,8.12197,24.119999
45,2024-02-14 22:00:00+00:00,46.02000045776367,9.0,3.0,9.1425,4.9925,6.55746,2.2986069,0,0,37285.402,30257.92,2.5,3.15,0.0,0.0,0.0,0.0,0.0,,6.4096174,11.879999
46,2024-02-15 22:00:00+00:00,46.02000045776367,9.0,3.0,8.842501,5.4424996,6.9398518,2.9080095,0,0,37469.516,24019.467,2.75,3.15,0.0,0.0,0.0,0.0,0.0,,6.519877,13.679999
47,2024-02-16 22:00:00+00:00,46.02000045776367,9.0,3.0,12.0425005,6.3424997,9.687213,4.154998,0,0,37654.133,32805.266,3.25,3.25,0.0,0.0,0.0,0.0,0.0,,9.47012,28.08
48,2024-02-17 22:00:00+00:00,46.02000045776367,9.0,3.0,11.342501,7.7925,9.408786,5.5253277,0,0,37839.082,26358.531,3.0,3.35,0.0,0.0,0.0,0.0,0.0,,10.805999,22.319998
49,2024-02-18 22:00:00+00:00,46.02000045776367,9.0,3.0,13.592501,5.5924997,10.87713,3.0589156,0,0,38024.207,32400.0,3.35,3.35,0.0,0.0,0.0,0.0,0.0,,13.627795,60.120003
50,2024-02-19 22:00:00+00:00,46.02000045776367,9.0,3.0,12.1925,6.0924997,9.347079,2.799069,0,0,38209.344,33760.68,3.35,3.35,0.0,0.0,0.0,0.0,0.0,,11.966954,39.239998
51,2024-02-20 22:00:00+00:00,46.02000045776367,9.0,3.0,9.592501,4.2925,6.2578497,1.0830679,0,0,38394.336,30591.604,3.25,3.45,0.0,0.0,0.0,0.0,0.0,,9.83268,20.519999
52,2024-02-21 22:00:00+00:00,46.02000045776367,9.0,61.0,6.2925,4.7425,3.6948075,2.699233,0,0,38579.223,0.0,1.3,3.2,12.5,12.5,0.0,0.0,17.0,,7.072878,37.44
53,2024-02-22 22:00:00+00:00,46.02000045776367,9.0,63.0,5.0425,1.2425,3.0191975,-1.5597327,0,0,38765.566,11539.965,0.45,3.3,29.900002,29.6,0.2,0.0,14.0,,8.39657,29.16
54,2024-02-23 22:00:00+00:00,46.02000045776367,9.0,96.0,3.6924996,0.74249995,0.7328758,-3.0780168,0,0,38953.594,5464.9717,1.85,3.1,10.6,6.6000004,0.3,0.0,9.0,,11.966953,43.199997
55,2024-02-24 22:00:00+00:00,46.02000045776367,9.0,80.0,4.1425,1.6425,2.0733914,-0.79765177,0,0,39143.145,11807.905,2.55,3.2,1.5,1.3000001,0.0,0.0,6.0,,6.9899354,32.399998
56,2024-02-25 22:00:00+00:00,46.02000045776367,9.0,73.0,2.4924998,-0.8575001,-0.49879217,-3.7785318,0,0,39334.06,0.0,0.6,3.35,24.900002,21.000002,0.0,2.24,24.0,,11.570515,42.12
57,2024-02-26 22:00:00+00:00,46.02000045776367,9.0,63.0,5.9925,1.0424999,4.3988314,-1.6911445,0,0,39526.18,0.0,0.85,3.25,31.2,30.5,0.5,0.0,22.0,,6.4096174,29.519999
58,2024-02-27 22:00:00+00:00,46.02000045776367,9.0,80.0,10.3925,5.0425,9.194804,3.3624496,0,0,39719.35,25728.9,3.15,3.45,4.6,4.6,0.0,0.0,9.0,,5.95906,20.880001
59,2024-02-28 22:00:00+00:00,46.02000045776367,9.0,80.0,9.6925,6.1425,8.399177,3.5881963,0,0,39913.434,17584.58,3.25,3.45,1.3,1.3,0.0,0.0,6.0,,8.0899935,24.119999
60,2024-02-29 22:00:00+00:00,46.02000045776367,9.0,95.0,6.7425,4.5924997,5.207161,2.145203,0,0,40108.266,0.0,0.5,3.55,35.6,35.1,0.4,0.0,24.0,,7.8625183,29.88
61,2024-03-01 22:00:00+00:00,46.02000045776367,9.0,80.0,5.9424996,4.2425,3.9595528,1.6135898,0,0,40303.71,0.0,0.6,3.5,20.3,20.199999,0.0,0.0,22.0,,7.42159,48.96
62,2024-03-02 22:00:00+00:00,46.02000045776367,9.0,80.0,6.8424997,5.1425,4.5287514,1.2836704,0,0,40499.63,1543.1953,2.95,3.7,9.800001,9.400001,0.2,0.0,20.0,,16.171976,70.56
63,2024-03-03 22:00:00+00:00,46.02000045776367,9.0,61.0,9.0425005,4.6924996,6.460719,2.4293203,0,0,40695.87,36183.67,3.65,3.85,1.9,1.3000001,0.5,0.0,5.0,,9.565437,29.16
64,2024-03-04 22:00:00+00:00,46.02000045776367,9.0,80.0,7.3924994,3.2424998,5.890312,0.63812876,0,0,40892.305,0.0,2.0,3.95,13.200001,12.6,0.6,0.0,11.0,,10.829959,25.199999
65,2024-03-05 22:00:00+00:00,46.02000045776367,9.0,80.0,8.592501,3.2424998,5.5295067,-0.20938015,0,0,41088.79,30354.977,3.85,3.9,3.4,2.8000002,0.6,0.0,6.0,,9.6932955,41.399998
66,2024-03-06 22:00:00+00:00,46.02000045776367,9.0,2.0,8.3925,3.2925,5.2556334,-0.073916435,0,0,41285.184,37795.684,4.1,4.1,0.0,0.0,0.0,0.0,0.0,,9.19939,19.8
67,2024-03-07 22:00:00+00:00,46.02000045776367,9.0,81.0,5.2925,3.2925,3.4009008,0.5760975,0,0,41481.355,3544.129,2.2,3.9,6.4000006,6.4000006,0.0,0.0,11.0,,9.47012,27.72
68,2024-03-08 22:00:00+00:00,46.02000045776367,9.0,80.0,4.0924997,1.3424999,2.239849,-1.4415059,0,0,41677.18,0.0,1.05,3.9,8.900002,8.900002,0.0,0.0,13.0,,8.350138,32.399998
69,2024-03-09 22:00:00+00:00,46.02000045776367,9.0,80.0,5.2925,2.8424997,2.3926187,-0.27157545,0,0,41872.51,0.0,0.2,3.85,49.59999,49.199993,0.1,0.0,23.0,,15.124284,69.84
70,2024-03-10 22:00:00+00:00,46.02000045776367,9.0,80.0,8.2925005,2.6925,5.4826956,0.64247036,0,0,42067.22,37450.88,4.1,4.15,2.2,2.2,0.0,0.0,6.0,,8.373386,28.8
71,2024-03-11 22:00:00+00:00,46.02000045776367,9.0,3.0,12.0425005,4.1425,9.513753,1.099175,0,0,42261.17,38794.016,4.15,4.3,0.0,0.0,0.0,0.0,0.0,,15.226764,38.88
72,2024-03-12 22:00:00+00:00,46.02000045776367,9.0,3.0,12.7425,6.2425,10.204806,3.242723,0,0,42454.414,35915.23,4.1,4.3,0.0,0.0,0.0,0.0,0.0,,7.2,33.12
73,2024-03-13 22:00:00+00:00,46.02000045776367,9.0,3.0,11.8925,5.6425,9.463373,3.5579576,0,0,42648.363,37968.004,4.55,4.7,0.0,0.0,0.0,0.0,0.0,,11.885453,25.199999
74,2024-03-14 22:00:00+00:00,46.02000045776367,9.0,3.0,10.8925,5.7925,8.226987,3.9785814,0,0,42843.25,34087.863,3.15,4.6,0.0,0.0,0.0,0.0,0.0,,12.074766,25.199999
75,2024-03-15 22:00:00+00:00,46.02000045776367,9.0,80.0,14.7425,6.0924997,12.879322,4.174284,0,0,43038.95,39420.16,4.65,4.65,0.3,0.0,0.3,0.0,2.0,,10.691453,32.760002
76,2024-03-16 22:00:00+00:00,46.02000045776367,9.0,3.0,11.9425,7.5925,9.478856,4.5422955,0,0,43235.34,31282.268,3.65,4.85,0.0,0.0,0.0,0.0,0.0,,9.957108,20.16
77,2024-03-17 22:00:00+00:00,46.02000045776367,9.0,80.0,11.1925,7.6424994,9.17095,5.2666245,0,0,43432.305,22867.781,1.55,4.45,0.1,0.1,0.0,0.0,1.0,,10.009036,57.96
78,2024-03-18 22:00:00+00:00,46.02000045776367,9.0,3.0,12.592501,7.6424994,10.534163,4.882864,0,0,43629.72,39600.0,4.75,4.85,0.0,0.0,0.0,0.0,0.0,,12.904882,47.88
79,2024-03-19 22:00:00+00:00,46.02000045776367,9.0,80.0,11.6425,7.3425,9.49742,5.735092,0,0,43827.47,33927.92,4.35,4.8,0.9,0.9,0.0,0.0,2.0,,11.592895,24.84
80,2024-03-20 22:00:00+00:00,46.02000045776367,9.0,80.0,16.5425,7.1924996,14.631544,5.837879,0,0,44025.426,39235.617,4.9,4.9,0.1,0.1,0.0,0.0,1.0,,18.837322,84.6
81,2024-03-21 22:00:00+00:00,46.02000045776367,9.0,3.0,14.6925,8.1425,12.106146,5.968171,0,0,44223.48,39600.0,4.15,5.0,0.0,0.0,0.0,0.0,0.0,,12.475961,34.56
82,2024-03-22 22:00:00+00:00,46.02000045776367,9.0,95.0,11.842501,6.9925,10.212415,0.6875992,0,0,44421.508,34040.13,3.55,4.75,3.4,3.4,0.0,0.0,1.0,,22.7057,68.76
83,2024-03-23 22:00:00+00:00,46.02000045776367,9.0,2.0,10.342501,3.6425,6.3734684,-1.1720619,0,0,44619.39,40019.43,5.0,5.0,0.0,0.0,0.0,0.0,0.0,,26.642431,75.24
84,2024-03-24 22:00:00+00:00,46.02000045776367,9.0,3.0,9.6925,2.6425,6.8657064,-0.94480896,0,0,44817.004,38879.844,5.0,5.2,0.0,0.0,0.0,0.0,0.0,,11.246759,41.760002
85,2024-03-25 22:00:00+00:00,46.02000045776367,9.0,61.0,5.9424996,3.0924997,3.3478794,0.64503765,0,0,45014.227,4663.083,2.15,4.8,4.6000004,4.6000004,0.0,0.0,6.0,,9.47012,34.2
86,2024-03-26 22:00:00+00:00,46.02000045776367,9.0,80.0,4.6425,2.4924998,2.4842815,-1.2677639,0,0,45210.945,3600.0,0.65,4.6,38.499996,38.499996,0.0,0.0,19.0,,12.849528,60.120003
87,2024-03-27 22:00:00+00:00,46.02000045776367,9.0,80.0,4.3424997,3.0425,2.189139,0.235672,0,0,45407.02,7271.5244,0.95,4.8,5.6,5.6,0.0,0.0,4.0,,8.049845,36.36
88,2024-03-28 22:00:00+00:00,46.02000045776367,9.0,80.0,7.5925,3.3925,6.0074673,0.5482459,0,0,45602.34,0.0,0.35,4.85,10.5,17.099998,0.0,0.0,9.0,,8.373386,54.0
89,2024-03-29 22:00:00+00:00,46.02000045776367,9.0,96.0,10.092501,6.4925,8.622818,4.338562,0,0,45796.77,5255.3643,3.35,5.15,7.0000005,6.7,0.4,0.0,8.0,,25.006397,83.159996
90,2024-03-30 22:00:00+00:00,46.02000045776367,9.0,96.0,8.4425,6.4925,6.864008,3.801896,0,0,45990.184,0.0,0.35,4.7,41.4,26.900002,0.5,0.0,18.0,,15.745627,91.079994
91,2024-03-31 22:00:00+00:00,46.02000045776367,9.0,96.0,9.9925,3.3424997,7.341419,-2.4547045,0,0,46182.453,6753.811,5.0,5.05,45.100002,34.8,0.5,0.0,17.0,,30.21642,98.64
92,2024-04-01 22:00:00+00:00,46.02000045776367,9.0,3.0,12.5425005,4.3424997,9.697462,1.6705289,0,0,46373.617,40941.89,5.25,5.25,0.0,0.0,0.0,0.0,0.0,,13.584932,31.68
93,2024-04-02 22:00:00+00:00,46.02000045776367,9.0,80.0,7.9925,5.3424997,6.6986866,3.1643147,0,0,46565.004,11227.103,1.35,5.15,8.1,10.699999,0.1,0.0,9.0,,6.3690495,40.68
94,2024-04-03 22:00:00+00:00,46.02000045776367,9.0,3.0,12.1925,4.5425,10.712484,2.348032,0,0,46756.836,41561.484,4.7,5.5,0.0,0.0,0.0,0.0,0.0,,11.631956,23.039999
95,2024-04-04 22:00:00+00:00,46.02000045776367,9.0,3.0,13.4925,6.8424997,11.588971,4.6915493,0,0,46948.99,40541.312,4.8,5.45,0.0,0.0,0.0,0.0,0.0,,10.883676,23.4
96,2024-04-05 22:00:00+00:00,46.02000045776367,9.0,3.0,16.6425,8.5425005,15.265507,6.75235,0,0,47141.35,40969.336,5.3,5.7,0.0,0.0,0.0,0.0,0.0,,9.360001,23.759998
97,2024-04-06 22:00:00+00:00,46.02000045776367,9.0,3.0,17.442501,10.5425005,16.492258,9.294822,0,0,47333.8,39654.754,4.8,5.8,0.0,0.0,0.0,0.0,0.0,,7.42159,20.519999
98,2024-04-07 22:00:00+00:00,46.02000045776367,9.0,3.0,19.0425,12.2425,19.96644,9.687592,0,0,47526.223,43760.824,5.45,5.8,0.0,0.0,0.0,0.0,0.0,,10.182337,25.199999
99,2024-04-08 22:00:00+00:00,46.02000045776367,9.0,80.0,13.3925,7.0925,13.070658,5.673318,0,0,47718.496,281.7391,1.55,5.8,8.599999,6.8999996,0.2,0.0,12.0,,11.183201,40.68
100,2024-04-09 22:00:00+00:00,46.02000045776367,9.0,81.0,10.4425,5.8925,9.052093,0.5560446,0,0,47910.48,9201.006,3.25,5.7,18.000002,20.499998,0.2,0.0,17.0,,21.829777,64.079994
101,2024-04-10 22:00:00+00:00,46.02000045776367,9.0,2.0,16.192501,8.9425,15.386763,6.368019,0,0,48102.07,44591.52,5.9,5.9,0.0,0.0,0.0,0.0,0.0,,11.113451,24.119999
102,2024-04-11 22:00:00+00:00,46.02000045776367,9.0,3.0,19.5925,11.2925005,19.105211,9.449728,0,0,48293.125,44651.047,6.05,6.05,0.0,0.0,0.0,0.0,0.0,,9.085988,22.319998
103,2024-04-12 22:00:00+00:00,46.02000045776367,9.0,3.0,20.692501,13.6925,19.932102,11.480589,0,0,48483.516,44960.15,6.25,6.25,0.0,0.0,0.0,0.0,0.0,,9.83268,21.96
104,2024-04-13 22:00:00+00:00,46.02000045776367,9.0,3.0,21.5425,14.0425005,21.141441,12.409889,0,0,48673.105,45142.92,6.3,6.3,0.0,0.0,0.0,0.0,0.0,,9.693296,21.96
105,2024-04-14 22:00:00+00:00,46.02000045776367,9.0,3.0,16.8425,12.5425005,15.87524,11.869907,0,0,48861.766,44845.71,5.05,6.15,0.0,0.0,0.0,0.0,0.0,,11.966954,27.0
106,2024-04-15 22:00:00+00:00,46.02000045776367,9.0,3.0,12.2425,6.9925,11.408346,1.4012752,0,0,49049.355,45504.77,6.05,6.05,0.0,0.0,0.0,0.0,0.0,,37.806854,127.799995
107,2024-04-16 22:00:00+00:00,46.02000045776367,9.0,3.0,11.4425,4.2925,8.042502,0.9020028,0,0,49235.723,45683.566,5.8,6.05,0.0,0.0,0.0,0.0,0.0,,24.122683,71.64
108,2024-04-17 22:00:00+00:00,46.02000045776367,9.0,3.0,10.9925,3.9924998,8.727209,0.527359,0,0,49420.73,42344.48,5.65,6.05,0.0,0.0,0.0,0.0,0.0,,16.610792,58.679996
109,2024-04-18 22:00:00+00:00,46.02000045776367,9.0,3.0,11.0425005,3.3925,7.336583,-0.2686894,0,0,49604.234,37905.332,6.1,6.15,0.0,0.0,0.0,0.0,0.0,,17.673029,43.92
110,2024-04-19 22:00:00+00:00,46.02000045776367,9.0,1.0,10.7925005,5.5425,6.2372284,0.16837215,0,0,49786.062,46093.6,6.0,6.1,0.0,0.0,0.0,0.0,0.0,,24.923338,82.439995
111,2024-04-20 22:00:00+00:00,46.02000045776367,9.0,61.0,8.842501,3.1924996,4.701144,-0.45193672,0,0,49966.08,20505.037,4.5,6.05,0.3,0.0,0.3,0.0,3.0,,15.192682,51.48
112,2024-04-21 22:00:00+00:00,46.02000045776367,9.0,61.0,4.4424996,0.0424999,1.6598845,-2.7935073,0,0,50144.28,0.0,3.7,6.05,7.800001,4.2,0.0,0.77,16.0,,18.35647,44.639996
113,2024-04-22 22:00:00+00:00,46.02000045776367,9.0,61.0,7.8425,1.6425,5.2827168,-0.8127749,0,0,50321.965,28526.666,5.5,6.1,0.1,0.6,0.0,0.0,1.0,,11.183201,46.44
114,2024-04-23 22:00:00+00:00,46.02000045776367,9.0,3.0,11.6925,2.6925,8.701315,-0.5248556,0,0,50499.344,44953.742,6.25,6.25,0.0,0.0,0.0,0.0,0.0,,12.661564,37.8
115,2024-04-24 22:00:00+00:00,46.02000045776367,9.0,80.0,8.1425,2.5924997,4.7758894,-0.5024984,0,0,50676.273,42031.453,6.15,6.25,0.0,0.0,0.0,0.0,0.0,,22.26477,47.519997
116,2024-04-25 22:00:00+00:00,46.02000045776367,9.0,80.0,7.2425,4.4424996,5.181904,2.223997,0,0,50852.63,5039.403,2.95,5.8,6.0000005,6.0000005,0.0,0.0,13.0,,7.208994,27.72
117,2024-04-26 22:00:00+00:00,46.02000045776367,9.0,80.0,7.7425,5.3424997,6.2157927,2.73281,0,0,51028.27,1729.4978,5.65,6.15,4.8000007,4.7000003,0.0,0.0,15.0,,7.2359104,33.839996
118,2024-04-27 22:00:00+00:00,46.02000045776367,9.0,63.0,9.1425,6.8424997,8.104556,5.470804,0,0,51203.06,1989.8066,2.4,6.1,25.4,25.4,0.0,0.0,18.0,,6.489992,44.639996
119,2024-04-28 22:00:00+00:00,46.02000045776367,9.0,80.0,15.942501,8.1425,16.030237,5.7279377,0,0,51376.85,45970.91,6.45,6.5,0.2,0.0,0.2,0.0,1.0,,7.386582,23.039999
120,2024-04-29 22:00:00+00:00,46.02000045776367,9.0,80.0,18.0425,10.7925005,17.777832,9.357433,0,0,51549.508,44604.887,6.1,6.55,0.0,0.0,0.0,0.0,0.0,,7.754637,44.639996
121,2024-04-30 22:00:00+00:00,46.02000045776367,9.0,95.0,14.7425,9.592501,14.11174,8.479486,0,0,51720.863,4291.555,3.7,6.55,14.9,14.799999,0.0,0.0,10.0,,10.464798,52.56
122,2024-05-01 22:00:00+00:00,46.02000045776367,9.0,96.0,10.092501,7.0925,9.040259,5.2237825,0,0,51890.77,235.00856,2.0,6.15,47.300003,47.100002,0.0,0.0,19.0,,16.516901,76.67999
123,2024-05-02 22:00:00+00:00,46.02000045776367,9.0,96.0,13.7425,6.4925,12.959106,4.8210096,0,0,52059.08,32400.0,5.05,6.5,28.7,27.800001,0.9,0.0,11.0,,13.044722,33.839996
124,2024-05-03 22:00:00+00:00,46.02000045776367,9.0,95.0,13.4425,7.2425,12.822443,5.254446,0,0,52225.617,30094.412,6.55,6.55,4.7000003,4.2,0.6,0.0,3.0,,8.28,30.599998
125,2024-05-04 22:00:00+00:00,46.02000045776367,9.0,3.0,15.342501,9.2425,15.04545,7.388277,0,0,52390.223,38905.152,5.2,6.6,0.0,0.0,0.0,0.0,0.0,,10.587918,26.64
126,2024-05-05 22:00:00+00:00,46.02000045776367,9.0,80.0,10.9925,8.9425,10.245567,7.5472164,0,0,52552.73,0.0,1.65,6.5,5.4,5.3,0.1,0.0,13.0,,9.114471,34.56
127,2024-05-06 22:00:00+00:00,46.02000045776367,9.0,80.0,10.2925005,8.2925005,9.299645,7.0091867,0,0,52712.957,196.13869,0.8,6.3,8.200001,6.3,1.7000002,0.0,18.0,,5.5887027,19.44
128,2024-05-07 22:00:00+00:00,46.02000045776367,9.0,80.0,15.692501,8.092501,15.620192,7.143922,0,0,52870.734,36537.87,6.3,6.55,4.3999996,4.0,0.3,0.0,8.0,,13.276144,37.44
129,2024-05-08 22:00:00+00:00,46.02000045776367,9.0,3.0,18.0425,10.0425005,17.440832,8.513595,0,0,53025.887,46532.97,6.0,6.55,0.0,0.0,0.0,0.0,0.0,,11.720751,24.48
130,2024-05-09 22:00:00+00:00,46.02000045776367,9.0,3.0,17.8925,11.342501,16.800642,10.653146,0,0,53178.207,43584.727,6.4,6.75,0.0,0.0,0.0,0.0,0.0,,12.096214,27.0
131,2024-05-10 22:00:00+00:00,46.02000045776367,9.0,2.0,19.3425,11.9925,18.59167,11.896681,0,0,53327.527,47094.035,6.9,6.9,0.0,0.0,0.0,0.0,0.0,,11.480557,27.359999
132,2024-05-11 22:00:00+00:00,46.02000045776367,9.0,61.0,19.0925,13.0425005,18.750998,11.966942,0,0,53473.797,33592.93,6.25,6.8,0.0,0.0,0.0,0.0,0.0,,14.84318,40.32
133,2024-05-12 22:00:00+00:00,46.02000045776367,9.0,95.0,14.2925005,10.842501,14.050528,9.534925,0,0,53618.168,27326.53,4.4,6.75,23.0,22.3,0.70000005,0.0,8.0,,14.154915,31.68
134,2024-05-13 22:00:00+00:00,46.02000045776367,9.0,95.0,14.1425,11.092501,13.803677,10.889898,0,0,53760.812,13583.604,6.3,6.8,14.199999,14.1,0.0,0.0,9.0,,6.849467,36.36
135,2024-05-14 22:00:00+00:00,46.02000045776367,9.0,96.0,11.5425005,8.6925,11.254199,6.9039125,0,0,53901.6,0.0,0.5,6.5,94.99999,94.6,0.3,0.0,24.0,,13.339445,66.24
136,2024-05-15 22:00:00+00:00,46.02000045776367,9.0,96.0,11.6425,8.4425,11.455069,6.966448,0,0,54040.375,242.10594,2.8,6.6,57.499996,56.499996,0.8,0.0,13.0,,10.823973,49.32
137,2024-05-16 22:00:00+00:00,46.02000045776367,9.0,3.0,14.2925005,7.5425,13.106295,5.614543,0,0,54177.0,38978.15,6.75,6.75,0.0,0.0,0.0,0.0,0.0,,11.681987,29.16
138,2024-05-17 22:00:00+00:00,46.02000045776367,9.0,61.0,15.092501,9.6425,14.005957,8.6501665,0,0,54311.332,36266.633,6.2,6.9,0.0,0.0,0.0,0.0,0.0,,10.144082,36.719997
139,2024-05-18 22:00:00+00:00,46.02000045776367,9.0,81.0,16.692501,10.0425005,16.54266,8.172476,0,0,54443.223,46273.973,7.05,7.05,3.0,2.8999999,0.1,0.0,2.0,,11.609651,27.72
140,2024-05-19 22:00:00+00:00,46.02000045776367,9.0,95.0,16.9925,10.9425,17.103983,10.127855,0,0,54572.52,26054.273,6.85,7.1,12.7,12.7,0.0,0.0,6.0,,10.685391,27.359999
141,2024-05-20 22:00:00+00:00,46.02000045776367,9.0,80.0,16.1425,9.9925,16.18464,8.832775,0,0,54699.062,25547.79,3.6,6.85,26.900005,26.200003,0.70000005,0.0,16.0,,9.3669195,24.119999
142,2024-05-21 22:00:00+00:00,46.02000045776367,9.0,96.0,17.2425,10.4925,16.829939,6.9930334,0,0,54822.707,22443.611,7.0,7.0,13.400001,11.700001,1.7,0.0,4.0,,23.795427,52.199997
143,2024-05-22 22:00:00+00:00,46.02000045776367,9.0,95.0,12.8925,9.092501,11.8927555,6.0178623,0,0,54943.285,13289.675,6.0,6.8,20.1,18.999998,1.0,0.0,11.0,,18.089775,44.28
144,2024-05-23 22:00:00+00:00,46.02000045776367,9.0,80.0,12.4425,8.2425,11.842831,6.790599,0,0,55060.637,18053.633,5.6,6.6,5.3999996,5.3,0.1,0.0,4.0,,7.5942073,31.68
145,2024-05-24 22:00:00+00:00,46.02000045776367,9.0,80.0,14.6925,9.1925,14.513828,7.0442066,0,0,55174.61,24437.1,5.8,6.95,26.7,26.300001,0.3,0.0,12.0,,11.043261,40.68
146,2024-05-25 22:00:00+00:00,46.02000045776367,9.0,3.0,19.1425,9.0425005,18.92962,7.588044,0,0,55285.027,49838.07,6.95,7.1,0.0,0.0,0.0,0.0,0.0,,11.592894,25.919998
147,2024-05-26 22:00:00+00:00,46.02000045776367,9.0,95.0,16.3425,13.092501,16.794756,12.271183,0,0,55391.72,12050.195,6.6,7.1,13.300001,13.000002,0.4,0.0,10.0,,8.78872,30.239998
148,2024-05-27 22:00:00+00:00,46.02000045776367,9.0,80.0,20.9925,11.3925,19.645702,11.326526,0,0,55494.53,48756.703,7.05,7.05,3.0,2.9,0.0,0.0,2.0,,13.237039,30.599998
149,2024-05-28 22:00:00+00:00,46.02000045776367,9.0,80.0,17.6425,12.0425005,17.21997,9.316147,0,0,55593.28,42304.77,6.2,6.95,0.1,0.0,0.1,0.0,1.0,,11.592895,24.84
150,2024-05-29 22:00:00+00:00,46.02000045776367,9.0,95.0,14.1925,12.3925,14.980934,12.276861,0,0,55687.797,5095.6143,5.75,6.75,40.299995,39.499996,0.1,0.0,13.0,,8.669949,38.16
151,2024-05-30 22:00:00+00:00,46.02000045776367,9.0,95.0,12.6425,9.7425,11.722568,5.414501,0,0,55777.93,2643.9617,6.6,6.95,16.6,15.2,1.5,0.0,13.0,,21.322214,77.4
152,2024-05-31 22:00:00+00:00,46.02000045776367,9.0,80.0,17.7425,9.2925005,17.778788,7.8640823,0,0,55863.574,43506.55,7.0,7.1,0.8,0.8,0.0,0.0,2.0,,11.874544,52.92
153,2024-06-01 22:00:00+00:00,46.02000045776367,9.0,96.0,18.5425,10.8925,18.936241,9.794805,0,0,55945.457,29886.8,6.15,7.05,14.7,14.7,0.0,0.0,4.0,,9.504273,36.719997
154,2024-06-02 22:00:00+00:00,46.02000045776367,9.0,80.0,17.192501,10.9925,17.178392,10.041552,0,0,56023.68,47229.434,5.15,6.95,1.6000001,1.6000001,0.0,0.0,4.0,,10.086427,38.519997
155,2024-06-03 22:00:00+00:00,46.02000045776367,9.0,80.0,18.192501,12.592501,17.925404,11.497566,0,0,56098.16,44946.535,7.05,7.05,0.0,0.0,0.0,0.0,0.0,,16.135872,38.88
156,2024-06-04 22:00:00+00:00,46.02000045776367,9.0,45.0,20.192501,12.6925,20.14792,13.09712,0,0,56168.83,47831.633,7.1,7.15,0.0,0.0,0.0,0.0,0.0,,11.808878,27.72
157,2024-06-05 22:00:00+00:00,46.02000045776367,9.0,3.0,21.2425,13.7925005,21.249949,13.7883835,0,0,56235.59,43916.05,7.1,7.2,0.0,0.0,0.0,0.0,0.0,,13.684735,30.239998
158,2024-06-06 22:00:00+00:00,46.02000045776367,9.0,3.0,20.7925,14.6425,21.421782,14.308016,0,0,56298.387,40262.203,6.4,7.3,0.0,0.0,0.0,0.0,0.0,,10.028439,24.48
159,2024-06-07 22:00:00+00:00,46.02000045776367,9.0,95.0,20.1425,16.2925,22.31736,16.584661,0,0,56357.13,22116.357,5.75,7.2,2.8999999,2.4999998,0.4,0.0,4.0,,10.00256,40.32
160,2024-06-08 22:00:00+00:00,46.02000045776367,9.0,80.0,19.3425,13.1925,20.832735,12.096767,0,0,56411.75,8114.6035,6.1,7.35,2.4,1.1,1.3000001,0.0,7.0,,14.494192,51.12
161,2024-06-09 22:00:00+00:00,46.02000045776367,9.0,96.0,20.7425,13.342501,20.470623,12.20933,0,0,56462.17,38291.33,6.9,7.2,2.4,2.4,0.0,0.0,3.0,,16.808569,55.44
162,2024-06-10 22:00:00+00:00,46.02000045776367,9.0,95.0,19.0425,11.9425,18.878807,10.459201,0,0,56508.324,33571.695,7.1,7.2,12.700001,12.0,0.6,0.0,8.0,,16.595179,48.239998
163,2024-06-11 22:00:00+00:00,46.02000045776367,9.0,95.0,18.5925,10.9925,18.586203,9.073542,0,0,56550.13,30075.371,7.3,7.3,8.600001,8.400001,0.3,0.0,8.0,,15.315873,41.760002
164,2024-06-12 22:00:00+00:00,46.02000045776367,9.0,45.0,17.4925,9.8925,16.318352,9.394281,0,0,56587.53,50040.64,7.2,7.2,0.0,0.0,0.0,0.0,0.0,,14.773164,33.48
165,2024-06-13 22:00:00+00:00,46.02000045776367,9.0,80.0,15.842501,12.2925005,15.354002,11.976156,0,0,56620.46,17850.217,3.5,7.15,1.0000001,1.0000001,0.0,0.0,2.0,,7.289444,24.84
166,2024-06-14 22:00:00+00:00,46.02000045776367,9.0,96.0,14.1425,12.342501,14.446695,11.8101425,0,0,56648.844,0.0,0.65,6.65,33.2,31.900002,0.6,0.0,18.0,,9.0,55.079998
167,2024-06-15 22:00:00+00:00,46.02000045776367,9.0,3.0,19.2425,12.2425,18.64254,11.267986,0,0,56672.625,37325.555,7.25,7.25,0.0,0.0,0.0,0.0,0.0,,11.090103,25.919998
168,2024-06-16 22:00:00+00:00,46.02000045776367,9.0,3.0,21.0925,14.342501,21.27022,13.781897,0,0,56691.746,50162.188,6.75,7.25,0.0,0.0,0.0,0.0,0.0,,9.957108,26.28
169,2024-06-17 22:00:00+00:00,46.02000045776367,9.0,3.0,22.5425,16.0925,23.576086,15.669731,0,0,56706.16,43808.184,7.1,7.3,0.0,0.0,0.0,0.0,0.0,,9.290511,24.84
170,2024-06-18 22:00:00+00:00,46.02000045776367,9.0,3.0,23.9925,18.0425,24.764526,17.596119,0,0,56715.785,47597.79,7.35,7.35,0.0,0.0,0.0,0.0,0.0,,9.346143,28.44
171,2024-06-19 22:00:00+00:00,46.02000045776367,9.0,95.0,20.3925,18.6425,22.179419,19.536375,0,0,56720.598,8252.388,5.0,7.45,2.3999999,1.2,1.3000001,0.0,10.0,,12.496719,57.96
172,2024-06-20 22:00:00+00:00,46.02000045776367,9.0,96.0,19.192501,15.0425,21.186314,14.603226,0,0,56720.516,12714.281,6.9,7.45,24.1,19.300001,4.3999996,0.0,13.0,,19.255793,85.67999
173,2024-06-21 22:00:00+00:00,46.02000045776367,9.0,95.0,21.5425,13.2425,22.024464,10.912877,0,0,56715.516,41922.48,7.3,7.3,5.7999997,5.7,0.1,0.0,4.0,,18.532133,44.28
174,2024-06-22 22:00:00+00:00,46.02000045776367,9.0,96.0,14.7425,11.7925005,15.07015,10.462374,0,0,56705.63,2392.189,1.6,7.2,26.500004,26.100004,0.4,0.0,16.0,,10.594036,51.839996
175,2024-06-23 22:00:00+00:00,46.02000045776367,9.0,3.0,18.5925,13.3925,19.584274,13.148285,0,0,56690.914,41160.176,7.0,7.2,0.0,0.0,0.0,0.0,0.0,,10.799999,26.28
176,2024-06-24 22:00:00+00:00,46.02000045776367,9.0,96.0,18.3925,14.6925,19.632597,14.372795,0,0,56671.438,16052.146,6.5,7.25,11.8,11.6,0.3,0.0,6.0,,14.973577,41.399998
177,2024-06-25 22:00:00+00:00,46.02000045776367,9.0,80.0,19.192501,13.6925,19.926352,13.948524,0,0,56647.27,34317.965,6.65,7.15,4.7,4.3,0.2,0.0,5.0,,7.8954163,23.039999
178,2024-06-26 22:00:00+00:00,46.02000045776367,9.0,3.0,23.942501,14.2925005,25.651575,14.929647,0,0,56618.484,51021.67,7.35,7.35,0.0,0.0,0.0,0.0,0.0,,12.72283,27.72
179,2024-06-27 22:00:00+00:00,46.02000045776367,9.0,3.0,26.0925,18.1425,27.495232,18.382387,0,0,56585.15,49805.4,6.8,7.35,0.0,0.0,0.0,0.0,0.0,,11.269782,24.84
180,2024-06-28 22:00:00+00:00,46.02000045776367,9.0,80.0,23.5425,19.8425,26.66614,20.546612,0,0,56547.34,32865.46,6.65,7.4,0.4,0.0,0.4,0.0,2.0,,15.716793,74.520004
181,2024-06-29 22:00:00+00:00,46.02000045776367,9.0,45.0,21.2425,17.3925,22.429585,18.431131,0,0,56505.133,42740.293,7.25,7.25,0.0,0.0,0.0,0.0,0.0,,16.831684,73.439995
182,2024-06-30 22:00:00+00:00,46.02000045776367,9.0,80.0,20.4925,16.0925,21.915642,17.099348,0,0,56458.613,33883.367,7.2,7.25,0.0,0.0,0.0,0.0,0.0,,12.979984,56.16
183,2024-07-01 22:00:00+00:00,46.02000045776367,9.0,3.0,24.0925,15.7425,23.582151,14.43775,0,0,56407.855,42478.54,7.35,7.3,0.0,0.0,0.0,0.0,0.0,,13.783817,34.56
184,2024-07-02 22:00:00+00:00,46.02000045776367,9.0,80.0,17.2425,14.4425,17.049837,13.226858,0,0,56352.94,10800.0,6.1,7.1,0.7,0.7,0.0,0.0,2.0,,13.661038,46.079998
185,2024-07-03 22:00:00+00:00,46.02000045776367,9.0,2.0,20.8925,12.4425,20.707829,11.311063,0,0,56293.957,50951.81,7.3,7.3,0.0,0.0,0.0,0.0,0.0,,13.044722,43.92
186,2024-07-04 22:00:00+00:00,46.02000045776367,9.0,3.0,22.6425,14.4425,22.859333,14.614759,0,0,56230.98,46466.18,7.0,7.2,0.0,0.0,0.0,0.0,0.0,,10.685391,28.8
187,2024-07-05 22:00:00+00:00,46.02000045776367,9.0,96.0,18.7425,15.3925,19.7897,15.775536,0,0,56164.113,3651.8977,6.5,7.3,47.700005,46.600002,1.3000001,0.0,11.0,,9.422101,45.719997
188,2024-07-06 22:00:00+00:00,46.02000045776367,9.0,96.0,17.8925,14.092501,18.404478,12.810894,0,0,56093.426,17709.258,2.15,6.85,98.2,95.49999,2.6,0.0,16.0,,15.546833,52.56
189,2024-07-07 22:00:00+00:00,46.02000045776367,9.0,80.0,22.8425,15.192501,24.22967,15.566612,0,0,56019.01,45468.836,7.3,7.3,1.0,1.0,0.0,0.0,3.0,,9.36,38.519997
190,2024-07-08 22:00:00+00:00,46.02000045776367,9.0,3.0,24.7425,17.4925,27.14423,18.295246,0,0,55940.965,50581.46,7.25,7.3,0.0,0.0,0.0,0.0,0.0,,9.0,20.16
191,2024-07-09 22:00:00+00:00,46.02000045776367,9.0,3.0,25.8425,19.442501,27.829292,19.973825,0,0,55859.363,48242.74,7.25,7.25,0.0,0.0,0.0,0.0,0.0,,10.163227,23.039999
192,2024-07-10 22:00:00+00:00,46.02000045776367,9.0,80.0,26.1425,19.2425,28.893475,19.909502,0,0,55774.203,40038.48,7.25,7.25,1.3000001,1.2,0.0,0.0,3.0,,10.685391,23.759998
193,2024-07-11 22:00:00+00:00,46.02000045776367,9.0,99.0,21.1425,15.942501,23.423649,15.370216,0,0,55684.69,20393.469,6.7,7.1,61.1,58.100002,2.9999998,0.0,10.0,,16.62249,42.48
194,2024-07-12 22:00:00+00:00,46.02000045776367,9.0,96.0,21.692501,15.192501,23.29574,15.448614,0,0,55590.805,49104.723,6.65,7.15,14.2,14.099999,0.1,0.0,1.0,,12.979984,53.28
195,2024-07-13 22:00:00+00:00,46.02000045776367,9.0,3.0,23.7425,17.3925,25.241407,18.391165,0,0,55492.707,48560.605,7.25,7.25,0.0,0.0,0.0,0.0,0.0,,10.799999,20.16
196,2024-07-14 22:00:00+00:00,46.02000045776367,9.0,3.0,25.0925,18.192501,26.91404,18.548473,0,0,55390.58,49557.83,7.25,7.25,0.0,0.0,0.0,0.0,0.0,,8.891343,20.519999
197,2024-07-15 22:00:00+00:00,46.02000045776367,9.0,3.0,25.4925,19.192501,28.129417,20.190502,0,0,55284.605,45363.707,6.9,7.15,0.0,0.0,0.0,0.0,0.0,,8.373386,25.56
198,2024-07-16 22:00:00+00:00,46.02000045776367,9.0,96.0,24.5925,19.5425,29.157131,21.185038,0,0,55174.94,45647.12,7.1,7.1,4.3999996,4.3,0.1,0.0,2.0,,9.028754,44.639996
199,2024-07-17 22:00:00+00:00,46.02000045776367,9.0,2.0,26.2925,19.442501,28.507698,20.813547,0,0,55061.76,49572.36,7.15,7.15,0.0,0.0,0.0,0.0,0.0,,9.021574,20.16
200,2024-07-18 22:00:00+00:00,46.02000045776367,9.0,80.0,25.5425,18.3425,27.71502,19.74716,0,0,54945.23,43388.406,6.95,7.2,0.1,0.0,0.1,0.0,1.0,,14.24163,38.519997
201,2024-07-19 22:00:00+00:00,46.02000045776367,9.0,61.0,25.1425,17.3425,27.075302,18.280476,0,0,54825.52,49061.64,7.15,7.15,0.90000004,0.90000004,0.0,0.0,1.0,,14.77755,36.36
202,2024-07-20 22:00:00+00:00,46.02000045776367,9.0,99.0,24.2425,16.8925,25.625156,16.317265,0,0,54702.8,36751.742,6.9,7.1,18.400002,18.2,0.2,0.0,2.0,,13.358861,40.32
203,2024-07-21 22:00:00+00:00,46.02000045776367,9.0,3.0,27.192501,18.2925,29.075455,18.759266,0,0,54577.22,46005.785,7.1,7.1,0.0,0.0,0.0,0.0,0.0,,16.489416,25.919998
204,2024-07-22 22:00:00+00:00,46.02000045776367,9.0,45.0,24.9925,18.7425,27.05505,20.644407,0,0,54448.95,47023.715,7.05,7.05,0.0,0.0,0.0,0.0,0.0,,14.88242,30.599998
205,2024-07-23 22:00:00+00:00,46.02000045776367,9.0,3.0,26.0925,18.1425,27.196383,17.696152,0,0,54318.14,47837.707,7.05,7.05,0.0,0.0,0.0,0.0,0.0,,10.990322,24.48
206,2024-07-24 22:00:00+00:00,46.02000045776367,9.0,3.0,24.3925,18.0925,25.696306,17.705206,0,0,54184.95,47243.32,6.7,6.9,0.0,0.0,0.0,0.0,0.0,,11.183201,16.199999
207,2024-07-25 22:00:00+00:00,46.02000045776367,9.0,80.0,24.4925,18.6425,26.982841,20.060217,0,0,54049.52,42192.277,6.75,7.0,5.2999997,5.2999997,0.0,0.0,5.0,,9.339208,23.4
208,2024-07-26 22:00:00+00:00,46.02000045776367,9.0,3.0,25.5425,19.192501,27.752151,21.468313,0,0,53912.01,41395.258,6.9,7.0,0.0,0.0,0.0,0.0,0.0,,7.289445,26.64
209,2024-07-27 22:00:00+00:00,46.02000045776367,9.0,3.0,27.692501,19.5925,31.110092,21.245369,0,0,53772.566,47270.742,7.0,7.0,0.0,0.0,0.0,0.0,0.0,,10.703569,29.16
210,2024-07-28 22:00:00+00:00,46.02000045776367,9.0,3.0,26.0925,19.7425,28.341648,22.18086,0,0,53631.32,47007.707,7.0,7.0,0.0,0.0,0.0,0.0,0.0,,13.479583,28.44
211,2024-07-29 22:00:00+00:00,46.02000045776367,9.0,3.0,26.1425,20.1425,28.48846,23.433153,0,0,53488.426,46569.605,6.75,7.0,0.0,0.0,0.0,0.0,0.0,,13.104198,22.319998
212,2024-07-30 22:00:00+00:00,46.02000045776367,9.0,80.0,26.5925,20.8925,30.835083,23.689585,0,0,53343.855,34906.11,6.8,7.0,0.0,0.0,0.0,0.0,0.0,,16.56,33.12
213,2024-07-31 22:00:00+00:00,46.02000045776367,9.0,3.0,26.7925,19.7425,29.439903,19.73744,0,0,53196.453,39736.93,6.95,7.0,0.0,0.0,0.0,0.0,0.0,,10.495713,27.72
214,2024-08-01 22:00:00+00:00,46.02000045776367,9.0,80.0,26.3425,18.9925,29.26743,18.758728,0,0,53046.09,45203.797,6.9,6.9,0.3,0.3,0.0,0.0,1.0,,15.596767,37.079998
215,2024-08-02 22:00:00+00:00,46.02000045776367,9.0,95.0,27.9925,19.2925,27.422478,18.553413,0,0,52892.965,47017.594,6.85,6.85,0.1,0.1,0.0,0.0,1.0,,14.003028,33.12
216,2024-08-03 22:00:00+00:00,46.02000045776367,9.0,80.0,25.8425,18.2925,27.051037,18.759342,0,0,52737.25,44827.496,5.95,6.75,0.1,0.1,0.0,0.0,1.0,,12.538134,24.119999
217,2024-08-04 22:00:00+00:00,46.02000045776367,9.0,3.0,25.6425,19.0425,27.097603,20.665724,0,0,52579.13,44643.746,6.0,6.7,0.0,0.0,0.0,0.0,0.0,,12.031756,18.0
218,2024-08-05 22:00:00+00:00,46.02000045776367,9.0,80.0,25.9925,19.942501,27.5108,21.14264,0,0,52418.773,45932.516,6.5,6.7,1.2,0.0,1.2,0.0,2.0,,14.417988,29.88
219,2024-08-06 22:00:00+00:00,46.02000045776367,9.0,96.0,23.5925,18.5425,26.215124,18.917383,0,0,52256.35,24616.307,6.2,6.7,0.5,0.1,0.4,0.0,2.0,,15.542662,33.12
220,2024-08-07 22:00:00+00:00,46.02000045776367,9.0,3.0,26.192501,17.442501,27.17993,18.412035,0,0,52092.035,46800.0,6.55,6.8,0.0,0.0,0.0,0.0,0.0,,13.18308,18.359999
221,2024-08-08 22:00:00+00:00,46.02000045776367,9.0,3.0,26.5425,18.7925,28.292667,19.657444,0,0,51925.99,46800.0,6.75,6.75,0.0,0.0,0.0,0.0,0.0,,11.019764,15.4800005
222,2024-08-09 22:00:00+00:00,46.02000045776367,9.0,1.0,27.7425,20.3925,29.525616,20.680584,0,0,51758.363,46800.0,6.75,6.75,0.0,0.0,0.0,0.0,0.0,,9.511088,15.84
223,2024-08-10 22:00:00+00:00,46.02000045776367,9.0,3.0,28.192501,21.7925,30.373394,22.972359,0,0,51589.312,39600.0,6.35,6.65,0.0,0.0,0.0,0.0,0.0,,11.183201,24.119999
224,2024-08-11 22:00:00+00:00,46.02000045776367,9.0,3.0,28.192501,20.942501,30.791142,23.822723,0,0,51418.996,44037.25,6.4,6.65,0.0,0.0,0.0,0.0,0.0,,11.119281,23.039999
225,2024-08-12 22:00:00+00:00,46.02000045776367,9.0,80.0,28.3425,21.192501,29.582298,22.388693,0,0,51247.56,46800.0,6.3,6.65,0.0,0.0,0.0,0.0,0.0,,10.948973,30.599998
226,2024-08-13 22:00:00+00:00,46.02000045776367,9.0,96.0,26.9925,19.2925,29.457596,20.014862,0,0,51075.14,40131.664,6.6,6.6,0.1,0.0,0.0,0.0,1.0,,12.429127,45.719997
227,2024-08-14 22:00:00+00:00,46.02000045776367,9.0,3.0,23.692501,18.8425,25.476788,19.083025,0,0,50901.895,42889.355,6.45,6.6,0.0,0.0,0.0,0.0,0.0,,13.830749,26.28
228,2024-08-15 22:00:00+00:00,46.02000045776367,9.0,3.0,25.8425,19.942501,27.7269,20.4505,0,0,50727.94,46800.0,6.55,6.55,0.0,0.0,0.0,0.0,0.0,,12.313893,25.919998
229,2024-08-16 22:00:00+00:00,46.02000045776367,9.0,3.0,25.942501,19.3425,27.733929,21.018658,0,0,50553.426,46710.82,6.5,6.5,0.0,0.0,0.0,0.0,0.0,,12.475961,29.16
230,2024-08-17 22:00:00+00:00,46.02000045776367,9.0,96.0,19.8425,15.8925,21.265991,15.988165,0,0,50378.48,13924.98,3.7,6.4,22.2,21.800001,0.4,0.0,9.0,,13.039754,53.639996
231,2024-08-18 22:00:00+00:00,46.02000045776367,9.0,61.0,24.2925,17.2425,25.059927,16.437038,0,0,50203.23,33472.37,5.4,6.35,0.1,0.1,0.0,0.0,1.0,,11.457958,39.239998
232,2024-08-19 22:00:00+00:00,46.02000045776367,9.0,3.0,24.7925,17.0925,26.195974,17.945787,0,0,50027.64,46410.516,6.35,6.35,0.0,0.0,0.0,0.0,0.0,,11.609651,21.24
233,2024-08-20 22:00:00+00:00,46.02000045776367,9.0,2.0,26.1425,17.8425,26.678787,18.48685,0,0,49850.453,46241.324,6.3,6.3,0.0,0.0,0.0,0.0,0.0,,9.686609,31.68
234,2024-08-21 22:00:00+00:00,46.02000045776367,9.0,80.0,21.5425,18.1425,25.0886,19.16511,0,0,49671.504,15095.331,5.7,6.2,3.4999998,3.3999999,0.1,0.0,2.0,,8.714677,25.199999
235,2024-08-22 22:00:00+00:00,46.02000045776367,9.0,2.0,25.0425,18.192501,27.037558,18.918062,0,0,49490.938,44750.293,5.75,6.25,0.0,0.0,0.0,0.0,0.0,,7.491114,16.919998
236,2024-08-23 22:00:00+00:00,46.02000045776367,9.0,80.0,24.2925,19.0425,26.733929,20.502876,0,0,49308.9,43702.04,6.2,6.2,0.1,0.0,0.1,0.0,1.0,,7.5942082,24.84
237,2024-08-24 22:00:00+00:00,46.02000045776367,9.0,3.0,24.7425,18.8425,27.08593,20.040083,0,0,49125.54,43095.047,5.45,6.2,0.0,0.0,0.0,0.0,0.0,,7.172949,21.24
238,2024-08-25 22:00:00+00:00,46.02000045776367,9.0,99.0,20.8925,14.8925,22.204731,12.293879,0,0,48940.984,19976.469,6.05,6.1,72.3,70.9,1.5,0.0,8.0,,27.698952,77.03999
239,2024-08-26 22:00:00+00:00,46.02000045776367,9.0,61.0,22.5925,16.692501,24.380756,16.06962,0,0,48755.383,37042.844,5.7,6.05,0.5,0.4,0.1,0.0,1.0,,16.299694,30.239998
240,2024-08-27 22:00:00+00:00,46.02000045776367,9.0,3.0,24.6425,17.442501,24.868906,17.558294,0,0,48568.855,45010.617,5.95,6.0,0.0,0.0,0.0,0.0,0.0,,9.531505,15.119999
241,2024-08-28 22:00:00+00:00,46.02000045776367,9.0,3.0,25.4925,18.5925,27.04917,19.432478,0,0,48381.543,44712.703,6.1,6.1,0.0,0.0,0.0,0.0,0.0,,9.360001,12.24
242,2024-08-29 22:00:00+00:00,46.02000045776367,9.0,3.0,25.9925,19.5425,27.479439,20.692492,0,0,48193.574,44460.5,6.05,6.05,0.0,0.0,0.0,0.0,0.0,,9.659814,13.679999
243,2024-08-30 22:00:00+00:00,46.02000045776367,9.0,3.0,25.6425,19.5425,26.346176,20.102661,0,0,48005.062,40491.836,5.05,5.95,0.0,0.0,0.0,0.0,0.0,,8.404285,12.959999
244,2024-08-31 22:00:00+00:00,46.02000045776367,9.0,80.0,24.942501,19.192501,26.653927,19.867458,0,0,47816.14,32653.152,5.65,5.9,0.0,0.0,0.0,0.0,0.0,,8.373386,30.599998
245,2024-09-01 22:00:00+00:00,46.02000045776367,9.0,63.0,20.9925,16.942501,22.531246,16.992418,0,0,47626.92,27950.705,5.5,5.85,3.9,3.6,0.2,0.0,3.0,,9.585739,52.199997
246,2024-09-02 22:00:00+00:00,46.02000045776367,9.0,3.0,22.6425,17.2925,24.088854,17.302326,0,0,47437.53,40462.84,5.85,5.85,0.0,0.0,0.0,0.0,0.0,,8.373386,16.199999
247,2024-09-03 22:00:00+00:00,46.02000045776367,9.0,95.0,21.5425,15.3925,23.057306,14.884113,0,0,47248.086,28534.945,5.55,5.75,31.499998,31.4,0.2,0.0,8.0,,17.811815,48.239998
248,2024-09-04 22:00:00+00:00,46.02000045776367,9.0,96.0,17.7925,14.092501,18.307579,14.271589,0,0,47058.695,107.73491,1.75,5.35,50.1,49.300003,0.6,0.0,18.0,,18.25026,77.4
249,2024-09-05 22:00:00+00:00,46.02000045776367,9.0,95.0,18.2925,14.1925,19.269531,14.534744,0,0,46869.473,18301.389,5.65,5.65,16.6,16.6,0.0,0.0,5.0,,6.28713,25.199999
250,2024-09-06 22:00:00+00:00,46.02000045776367,9.0,3.0,20.692501,15.1425,21.116024,15.035816,0,0,46680.535,37227.83,5.65,5.65,0.0,0.0,0.0,0.0,0.0,,7.8954163,21.599998
251,2024-09-07 22:00:00+00:00,46.02000045776367,9.0,96.0,18.0425,14.9925,19.50171,14.413616,0,0,46491.984,0.0,1.85,5.3,63.199997,63.199997,0.0,0.0,14.0,,17.106628,52.199997
252,2024-09-08 22:00:00+00:00,46.02000045776367,9.0,95.0,21.0925,14.0425005,20.503239,13.732197,0,0,46303.78,39671.418,5.6,5.6,5.6,5.6,0.1,0.0,3.0,,18.64369,65.88
